{
  "project_info": {
    "project_number": "756726259667",
    "project_id": "mylogin-33096",
    "storage_bucket": "mylogin-33096.firebasestorage.app"
  },
  "client": [
    {
      "client_info": {
        "mobilesdk_app_id": "1:756726259667:android:8da61c89866490a2c61926",
        "android_client_info": {
          "package_name": "com.example.dailymate"
        }
      },
      "oauth_client": [
        {
          "client_id": "756726259667-d2590prpnb7nbi0lsup1i0p4pd57l01h.apps.googleusercontent.com",
          "client_type": 1,
          "android_info": {
            "package_name": "com.example.dailymate",
            "certificate_hash": "aba8116188bfa6d1dea0ce51be88513af0ade277"
          }
        },
        {
          "client_id": "756726259667-naff0o7eitcofrt2kb8goumms9jpljtj.apps.googleusercontent.com",
          "client_type": 3
        }
      ],
      "api_key": [
        {
          "current_key": "AIzaSyBiww_Ea924dWwJrZwomdtO0GGUJ8z7xPY"
        }
      ],
      "services": {
        "appinvite_service": {
          "other_platform_oauth_client": [
            {
              "client_id": "756726259667-naff0o7eitcofrt2kb8goumms9jpljtj.apps.googleusercontent.com",
              "client_type": 3
            }
          ]
        }
      }
    },
    {
      "client_info": {
        "mobilesdk_app_id": "1:756726259667:android:b47bb9e69ce59dfcc61926",
        "android_client_info": {
          "package_name": "com.example.myloginwithgoogleaccount"
        }
      },
      "oauth_client": [
        {
          "client_id": "756726259667-naff0o7eitcofrt2kb8goumms9jpljtj.apps.googleusercontent.com",
          "client_type": 3
        }
      ],
      "api_key": [
        {
          "current_key": "AIzaSyBiww_Ea924dWwJrZwomdtO0GGUJ8z7xPY"
        }
      ],
      "services": {
        "appinvite_service": {
          "other_platform_oauth_client": [
            {
              "client_id": "756726259667-naff0o7eitcofrt2kb8goumms9jpljtj.apps.googleusercontent.com",
              "client_type": 3
            }
          ]
        }
      }
    }
  ],
  "configuration_version": "1"
}